INSERT INTO user_account (username, password, nickname, profile_url) values ('test1', '{noop}1234', 'testuser1', 'testurl'),
                                                                            ('test2', '{noop}1234', 'testuser2', 'testurl'),
                                                                            ('test3', '{noop}1234', 'testuser3', 'testurl'),
                                                                            ('test4', '{noop}1234', 'testuser4', 'testurl');

INSERT INTO letter (id, title, type, thumbnail_url, created_at, updatable, user_id) values (1, 'letter1', 'TYPE1', 'thumb1', '2023-10-01 11:10:29', true, 'test1'),
                                                                                           (2, 'letter2', 'TYPE2', 'thumb2', '2023-10-02 11:10:29', true, 'test2'),
                                                                                           (3, 'letter3', 'TYPE3', 'thumb3', '2023-10-03 11:10:29', true, 'test3'),
                                                                                           (4, 'letter4', 'TYPE4', 'thumb4', '2023-10-04 11:10:29', true, 'test4'),
                                                                                           (5, 'letter5', 'TYPE1', 'thumb5', '2023-10-05 11:10:29', true, 'test1');

insert into letter (id, title, type, thumbnail_url, created_at, updatable, user_id) values (6, 'Hassan I Airport', 'TYPE1', 'Semera Airport', '2024-01-27 04:45:45', false, 'test1');
insert into letter (id, title, type, thumbnail_url, created_at, updatable, user_id) values (7, 'Renmark Airport', 'TYPE1', 'Kitadaito Airport', '2024-01-17 20:29:32', true, 'test1');
insert into letter (id, title, type, thumbnail_url, created_at, updatable, user_id) values (8, 'Mc Allen Miller International Airport', 'TYPE1', 'Major Brigadeiro Trompowsky Airport', '2024-04-07 00:27:49', false, 'test1');
insert into letter (id, title, type, thumbnail_url, created_at, updatable, user_id) values (9, 'Alamogordo White Sands Regional Airport', 'TYPE1', 'Bradshaw Army Airfield', '2023-12-12 22:29:59', false, 'test1');
insert into letter (id, title, type, thumbnail_url, created_at, updatable, user_id) values (10, 'Ramón Villeda Morales International Airport', 'TYPE1', 'Tabal Airstrip', '2024-08-24 22:19:19', true, 'test1');
insert into letter (id, title, type, thumbnail_url, created_at, updatable, user_id) values (11, 'Freeman Municipal Airport', 'TYPE1', 'Colon Airport', '2023-12-05 18:03:01', true, 'test1');
insert into letter (id, title, type, thumbnail_url, created_at, updatable, user_id) values (12, 'Roy Hurd Memorial Airport', 'TYPE1', 'Ciudad Real Central Airport', '2024-03-25 16:32:31', false, 'test1');
insert into letter (id, title, type, thumbnail_url, created_at, updatable, user_id) values (13, 'Jose Maria Velasco Ibarra Airport', 'TYPE1', 'Jack Mc Namara Field Airport', '2024-05-13 12:40:03', false, 'test1');
insert into letter (id, title, type, thumbnail_url, created_at, updatable, user_id) values (14, 'Dera Ghazi Khan Airport', 'TYPE1', 'London Gatwick Airport', '2024-06-09 22:08:08', true, 'test1');
insert into letter (id, title, type, thumbnail_url, created_at, updatable, user_id) values (15, 'Adelaide International Airport', 'TYPE1', 'Ohrid St. Paul the Apostle Airport', '2024-08-18 11:32:34', false, 'test1');
insert into letter (id, title, type, thumbnail_url, created_at, updatable, user_id) values (16, 'Barth Airport', 'TYPE1', 'Akjoujt Airport', '2024-06-16 10:56:06', false, 'test1');
insert into letter (id, title, type, thumbnail_url, created_at, updatable, user_id) values (17, 'Sullivan County Airport', 'TYPE1', 'Cherbourg-Maupertus Airport', '2024-09-01 04:56:00', false, 'test1');
insert into letter (id, title, type, thumbnail_url, created_at, updatable, user_id) values (18, 'Yasawa Island Airport', 'TYPE1', 'Kisimayu Airport', '2023-12-24 01:51:50', false, 'test1');
insert into letter (id, title, type, thumbnail_url, created_at, updatable, user_id) values (19, 'Santa Paula Airport', 'TYPE1', 'Dori Airport', '2024-04-16 08:05:06', true, 'test1');
insert into letter (id, title, type, thumbnail_url, created_at, updatable, user_id) values (20, 'San Diego International Airport', 'TYPE1', 'El Avellano Airport', '2024-07-23 12:01:34', true, 'test1');
insert into letter (id, title, type, thumbnail_url, created_at, updatable, user_id) values (21, 'Lizard Island Airport', 'TYPE1', 'Garden Point Airport', '2024-07-16 23:15:06', true, 'test1');
insert into letter (id, title, type, thumbnail_url, created_at, updatable, user_id) values (22, 'Fort Dodge Regional Airport', 'TYPE1', 'Fortescue - Dave Forrest Aerodrome', '2024-06-11 07:10:14', false, 'test1');
insert into letter (id, title, type, thumbnail_url, created_at, updatable, user_id) values (23, 'Santa Cruz Air Force Base', 'TYPE1', 'Talkeetna Airport', '2024-01-25 11:14:11', true, 'test1');
insert into letter (id, title, type, thumbnail_url, created_at, updatable, user_id) values (24, 'Gorno-Altaysk Airport', 'TYPE1', 'Altus Air Force Base', '2023-09-17 16:03:28', true, 'test1');
insert into letter (id, title, type, thumbnail_url, created_at, updatable, user_id) values (25, 'Yiwu Airport', 'TYPE1', 'Vila Bela da Santíssima Trindade Airport', '2024-03-30 06:22:35', false, 'test1');
insert into letter (id, title, type, thumbnail_url, created_at, updatable, user_id) values (26, 'Rigolet Airport', 'TYPE1', 'Cat Cay Airport', '2024-07-04 12:57:26', true, 'test1');
insert into letter (id, title, type, thumbnail_url, created_at, updatable, user_id) values (27, 'Zvartnots International Airport', 'TYPE1', 'Gardabya Airport', '2023-10-24 13:50:20', true, 'test1');
insert into letter (id, title, type, thumbnail_url, created_at, updatable, user_id) values (28, 'Altamira Airport', 'TYPE1', 'Lüliang Airport', '2024-01-07 18:41:03', false, 'test1');
insert into letter (id, title, type, thumbnail_url, created_at, updatable, user_id) values (29, 'Nyngan Airport', 'TYPE1', 'Plymouth Municipal Airport', '2023-11-13 22:28:25', false, 'test1');
insert into letter (id, title, type, thumbnail_url, created_at, updatable, user_id) values (30, 'Santana Ramos Airport', 'TYPE1', 'Fasa Airport', '2024-09-08 22:37:44', false, 'test1');
insert into letter (id, title, type, thumbnail_url, created_at, updatable, user_id) values (31, 'Monte Santo de Minas Airport', 'TYPE1', 'Xining Caojiabu Airport', '2024-05-06 06:58:25', true, 'test1');
insert into letter (id, title, type, thumbnail_url, created_at, updatable, user_id) values (32, 'Tunica Municipal Airport', 'TYPE1', 'Malikus Saleh Airport', '2024-04-10 15:01:00', false, 'test1');
insert into letter (id, title, type, thumbnail_url, created_at, updatable, user_id) values (33, 'Philip S. W. Goldson International Airport', 'TYPE1', 'Needles Airport', '2024-06-15 16:29:24', true, 'test1');
insert into letter (id, title, type, thumbnail_url, created_at, updatable, user_id) values (34, 'Noatak Airport', 'TYPE1', 'Fürstenfeldbruck Air Base', '2024-09-08 23:06:52', true, 'test1');
insert into letter (id, title, type, thumbnail_url, created_at, updatable, user_id) values (35, 'Odense Airport', 'TYPE1', 'Kindersley Airport', '2024-01-13 16:45:21', false, 'test1');
insert into letter (id, title, type, thumbnail_url, created_at, updatable, user_id) values (36, 'Kikori Airport', 'TYPE1', 'Sultan Iskandar Muda International Airport', '2024-07-29 21:15:00', false, 'test1');
insert into letter (id, title, type, thumbnail_url, created_at, updatable, user_id) values (37, 'Nowata Airport', 'TYPE1', 'Hólmavík Airport', '2024-01-11 15:48:59', false, 'test1');
insert into letter (id, title, type, thumbnail_url, created_at, updatable, user_id) values (38, 'Laurence G Hanscom Field', 'TYPE1', 'La Palma Airport', '2023-11-13 00:49:12', true, 'test1');
insert into letter (id, title, type, thumbnail_url, created_at, updatable, user_id) values (39, 'Mbanza Congo Airport', 'TYPE1', 'Alton Downs Airport', '2023-11-29 09:37:30', true, 'test1');
insert into letter (id, title, type, thumbnail_url, created_at, updatable, user_id) values (40, 'Gurupi Airport', 'TYPE1', 'Eppley Airfield', '2024-02-19 17:54:54', true, 'test1');
insert into letter (id, title, type, thumbnail_url, created_at, updatable, user_id) values (41, 'Corn Island', 'TYPE1', 'Inverell Airport', '2024-04-24 06:52:23', true, 'test1');
insert into letter (id, title, type, thumbnail_url, created_at, updatable, user_id) values (42, 'Abu Dhabi International Airport', 'TYPE1', 'Hachinohe Airport', '2023-09-20 11:10:04', true, 'test1');
insert into letter (id, title, type, thumbnail_url, created_at, updatable, user_id) values (43, 'Fort Mcpherson Airport', 'TYPE1', 'Erfurt Airport', '2024-07-15 19:42:57', true, 'test1');
insert into letter (id, title, type, thumbnail_url, created_at, updatable, user_id) values (44, 'São Joaquim Airport', 'TYPE1', 'Pike County-Hatcher Field', '2024-07-03 16:37:01', true, 'test1');
insert into letter (id, title, type, thumbnail_url, created_at, updatable, user_id) values (45, 'Lizard Island Airport', 'TYPE1', 'Nyac Airport', '2024-07-09 17:03:59', false, 'test1');
insert into letter (id, title, type, thumbnail_url, created_at, updatable, user_id) values (46, 'Obo Airport', 'TYPE1', 'St Lucie County International Airport', '2024-09-04 07:35:46', true, 'test1');
insert into letter (id, title, type, thumbnail_url, created_at, updatable, user_id) values (47, 'Ayawasi Airport', 'TYPE1', 'Londolozi Airport', '2024-04-20 15:32:06', false, 'test1');
insert into letter (id, title, type, thumbnail_url, created_at, updatable, user_id) values (48, 'Mareeba Airport', 'TYPE1', 'Ampampamena Airport', '2023-10-17 23:36:31', false, 'test1');
insert into letter (id, title, type, thumbnail_url, created_at, updatable, user_id) values (49, 'Copenhagen Kastrup Airport', 'TYPE1', 'Drumduff Airport', '2024-05-01 10:56:05', false, 'test1');
insert into letter (id, title, type, thumbnail_url, created_at, updatable, user_id) values (50, 'Roy Hurd Memorial Airport', 'TYPE1', 'Sibi Airport', '2023-11-18 04:09:47', false, 'test1');
insert into letter (id, title, type, thumbnail_url, created_at, updatable, user_id) values (51, 'Diapaga Airport', 'TYPE1', 'April River Airport', '2024-03-12 00:18:05', true, 'test1');
insert into letter (id, title, type, thumbnail_url, created_at, updatable, user_id) values (52, 'Sandakan Airport', 'TYPE1', 'Pinehouse Lake Airport', '2024-02-19 05:18:12', false, 'test1');
insert into letter (id, title, type, thumbnail_url, created_at, updatable, user_id) values (53, 'Dallas Fort Worth International Airport', 'TYPE1', 'Perth Jandakot Airport', '2023-12-13 08:07:15', true, 'test1');
insert into letter (id, title, type, thumbnail_url, created_at, updatable, user_id) values (54, 'Akure Airport', 'TYPE1', 'Oconee County Regional Airport', '2024-04-27 19:05:12', true, 'test1');
insert into letter (id, title, type, thumbnail_url, created_at, updatable, user_id) values (55, 'Puerto Paez Airport', 'TYPE1', 'Tambolaka Airport', '2023-09-17 05:24:25', false, 'test1');
insert into letter (id, title, type, thumbnail_url, created_at, updatable, user_id) values (56, 'Grant County Airport', 'TYPE1', 'Totegegie Airport', '2024-05-03 11:02:40', true, 'test1');
insert into letter (id, title, type, thumbnail_url, created_at, updatable, user_id) values (57, 'Frankfurt-Hahn Airport', 'TYPE1', 'Wycombe Air Park', '2024-01-12 15:24:04', false, 'test1');
insert into letter (id, title, type, thumbnail_url, created_at, updatable, user_id) values (58, 'Licenciado Manuel Crescencio Rejon Int Airport', 'TYPE1', 'Spartanburg Downtown Memorial Airport', '2023-11-08 17:17:00', false, 'test1');
insert into letter (id, title, type, thumbnail_url, created_at, updatable, user_id) values (59, 'Lake Buena Vista STOLport', 'TYPE1', 'Jackson Hole Airport', '2023-11-27 05:29:11', false, 'test1');
insert into letter (id, title, type, thumbnail_url, created_at, updatable, user_id) values (60, 'Bella Bella (Campbell Island) Airport', 'TYPE1', 'Nanga Pinoh Airport', '2023-11-02 10:43:18', true, 'test1');
insert into letter (id, title, type, thumbnail_url, created_at, updatable, user_id) values (61, 'Arugam Bay SPB', 'TYPE1', 'Baitadi Airport', '2023-12-06 01:55:26', false, 'test1');
insert into letter (id, title, type, thumbnail_url, created_at, updatable, user_id) values (62, 'Abbaye Airport', 'TYPE1', 'King Shaka International Airport', '2024-08-11 20:01:05', true, 'test1');
insert into letter (id, title, type, thumbnail_url, created_at, updatable, user_id) values (63, 'Mueo Airport', 'TYPE1', 'Namibe Airport', '2024-07-23 12:06:50', false, 'test1');
insert into letter (id, title, type, thumbnail_url, created_at, updatable, user_id) values (64, 'Caquetania Airport', 'TYPE1', 'Lumid Pau Airport', '2024-02-26 05:57:58', true, 'test1');
insert into letter (id, title, type, thumbnail_url, created_at, updatable, user_id) values (65, 'Fort McMurray / Mildred Lake Airport', 'TYPE1', 'Lekhwair Airport', '2024-08-29 07:19:08', true, 'test1');
insert into letter (id, title, type, thumbnail_url, created_at, updatable, user_id) values (66, 'Wau Airport', 'TYPE1', 'Pormpuraaw Airport', '2024-07-02 11:39:37', false, 'test1');
insert into letter (id, title, type, thumbnail_url, created_at, updatable, user_id) values (67, 'Squamish Airport', 'TYPE1', 'Saint-Yan Airport', '2024-08-29 03:59:45', false, 'test1');
insert into letter (id, title, type, thumbnail_url, created_at, updatable, user_id) values (68, 'Novo Campo Airport', 'TYPE1', 'Columbia Airport', '2024-08-11 20:05:05', false, 'test1');
insert into letter (id, title, type, thumbnail_url, created_at, updatable, user_id) values (69, 'Larisa Airport', 'TYPE1', 'Thimarafushi Airport', '2024-07-12 16:32:47', true, 'test1');
insert into letter (id, title, type, thumbnail_url, created_at, updatable, user_id) values (70, 'Tougan Airport', 'TYPE1', 'Chilliwack Airport', '2024-03-15 19:44:48', false, 'test1');
insert into letter (id, title, type, thumbnail_url, created_at, updatable, user_id) values (71, 'Fazenda São Francisco do Itaquerê Airport', 'TYPE1', 'Tosontsengel Airport', '2024-05-16 08:03:56', true, 'test1');
insert into letter (id, title, type, thumbnail_url, created_at, updatable, user_id) values (72, 'Burns Lake Airport', 'TYPE1', 'Ramechhap Airport', '2024-03-29 23:01:03', false, 'test1');
insert into letter (id, title, type, thumbnail_url, created_at, updatable, user_id) values (73, 'Pormpuraaw Airport', 'TYPE1', 'Aurillac Airport', '2024-02-07 19:30:12', true, 'test1');
insert into letter (id, title, type, thumbnail_url, created_at, updatable, user_id) values (74, 'Hudson Bay Airport', 'TYPE1', 'Huatugou Airport', '2024-03-08 23:24:47', false, 'test1');
insert into letter (id, title, type, thumbnail_url, created_at, updatable, user_id) values (75, 'Shillong Airport', 'TYPE1', 'Karimui Airport', '2023-10-30 07:56:19', true, 'test1');
insert into letter (id, title, type, thumbnail_url, created_at, updatable, user_id) values (76, 'Barra del Colorado Airport', 'TYPE1', 'Bayreuth Airport', '2023-10-03 22:03:25', true, 'test1');
insert into letter (id, title, type, thumbnail_url, created_at, updatable, user_id) values (77, 'Caiguna Airport', 'TYPE1', 'Bangui M''Poko International Airport', '2024-06-15 07:37:27', true, 'test1');
insert into letter (id, title, type, thumbnail_url, created_at, updatable, user_id) values (78, 'Merowe New Airport', 'TYPE1', 'Daegu Airport', '2024-04-05 20:57:59', false, 'test1');
insert into letter (id, title, type, thumbnail_url, created_at, updatable, user_id) values (79, 'Jerusalem Airport', 'TYPE1', 'Corixá Airport', '2024-08-17 06:02:34', true, 'test1');
insert into letter (id, title, type, thumbnail_url, created_at, updatable, user_id) values (80, 'Gardo Airport', 'TYPE1', 'Okha Airport', '2024-02-29 21:32:55', true, 'test1');
insert into letter (id, title, type, thumbnail_url, created_at, updatable, user_id) values (81, 'Ramon Airport', 'TYPE1', 'Megève Airport', '2024-04-18 05:03:55', false, 'test1');
insert into letter (id, title, type, thumbnail_url, created_at, updatable, user_id) values (82, 'Dunbar Airport', 'TYPE1', 'Lanseria Airport', '2023-09-17 20:19:21', false, 'test1');
insert into letter (id, title, type, thumbnail_url, created_at, updatable, user_id) values (83, 'Croisette Heliport', 'TYPE1', 'Cairns AAF (Fort Rucker) Air Field', '2024-03-05 19:24:43', false, 'test1');
insert into letter (id, title, type, thumbnail_url, created_at, updatable, user_id) values (84, 'Ulaangom Airport', 'TYPE1', 'Chester County G O Carlson Airport', '2024-04-24 11:03:40', true, 'test1');
insert into letter (id, title, type, thumbnail_url, created_at, updatable, user_id) values (85, 'Roseau Municipal Rudy Billberg Field', 'TYPE1', 'W K Kellogg Airport', '2024-08-01 19:48:36', false, 'test1');
insert into letter (id, title, type, thumbnail_url, created_at, updatable, user_id) values (86, 'Big Mountain Airport', 'TYPE1', 'Belmullet Aerodrome', '2024-08-08 23:01:23', false, 'test1');
insert into letter (id, title, type, thumbnail_url, created_at, updatable, user_id) values (87, 'Tarempa Airport', 'TYPE1', 'Storm Lake Municipal Airport', '2023-10-08 00:29:02', false, 'test1');
insert into letter (id, title, type, thumbnail_url, created_at, updatable, user_id) values (88, 'Rutland - Southern Vermont Regional Airport', 'TYPE1', 'Riachão Airport', '2024-01-22 15:55:34', false, 'test1');
insert into letter (id, title, type, thumbnail_url, created_at, updatable, user_id) values (89, 'Lençóis Paulista Airport', 'TYPE1', 'Karamay Airport', '2024-05-30 10:34:45', true, 'test1');
insert into letter (id, title, type, thumbnail_url, created_at, updatable, user_id) values (90, 'Condobolin Airport', 'TYPE1', 'Monastir Habib Bourguiba International Airport', '2023-09-23 13:47:49', true, 'test1');
insert into letter (id, title, type, thumbnail_url, created_at, updatable, user_id) values (91, 'Auburn Municipal Airport', 'TYPE1', 'Asmara International Airport', '2023-10-13 07:22:12', true, 'test1');
insert into letter (id, title, type, thumbnail_url, created_at, updatable, user_id) values (92, 'Gnarowein Airport', 'TYPE1', 'Rurenabaque Airport', '2024-02-21 21:18:01', false, 'test1');
insert into letter (id, title, type, thumbnail_url, created_at, updatable, user_id) values (93, 'Delma Airport', 'TYPE1', 'Vincent Fayks Airport', '2024-05-29 13:51:42', false, 'test1');
insert into letter (id, title, type, thumbnail_url, created_at, updatable, user_id) values (94, 'Böblingen Flugfeld', 'TYPE1', 'Chingozi Airport', '2023-11-09 13:22:15', true, 'test1');
insert into letter (id, title, type, thumbnail_url, created_at, updatable, user_id) values (95, 'Tsushima Airport', 'TYPE1', 'Kanti Airport', '2024-08-13 10:14:23', true, 'test1');
insert into letter (id, title, type, thumbnail_url, created_at, updatable, user_id) values (96, 'Lecce Galatina Air Base', 'TYPE1', 'Skorpion Mine Airport', '2024-02-20 21:35:14', false, 'test1');
insert into letter (id, title, type, thumbnail_url, created_at, updatable, user_id) values (97, 'Leo Airport', 'TYPE1', 'Zabrat Airport', '2024-05-10 23:51:05', true, 'test1');
insert into letter (id, title, type, thumbnail_url, created_at, updatable, user_id) values (98, 'Puerto Armuelles Airport', 'TYPE1', 'Chiquimula Airport', '2024-03-10 01:28:35', true, 'test1');
insert into letter (id, title, type, thumbnail_url, created_at, updatable, user_id) values (99, 'Santa Bárbara Airport', 'TYPE1', 'Robert Gray  Army Air Field Airport', '2023-09-26 22:44:45', true, 'test1');
insert into letter (id, title, type, thumbnail_url, created_at, updatable, user_id) values (100, 'Macaé Airport', 'TYPE1', 'Osmany International Airport', '2024-03-02 15:43:13', true, 'test1');

insert into letter_scene (id, part_order, letter_id) values (1, 1, 1);
insert into letter_scene (id, part_order, letter_id) values (2, 2, 2);
insert into letter_scene (id, part_order, letter_id) values (3, 3, 3);
insert into letter_scene (id, part_order, letter_id) values (4, 4, 4);
insert into letter_scene (id, part_order, letter_id) values (5, 5, 5);
insert into letter_scene (id, part_order, letter_id) values (6, 6, 6);
insert into letter_scene (id, part_order, letter_id) values (7, 7, 7);
insert into letter_scene (id, part_order, letter_id) values (8, 8, 8);
insert into letter_scene (id, part_order, letter_id) values (9, 9, 9);
insert into letter_scene (id, part_order, letter_id) values (10, 10, 10);
insert into letter_scene (id, part_order, letter_id) values (11, 11, 11);
insert into letter_scene (id, part_order, letter_id) values (12, 12, 12);
insert into letter_scene (id, part_order, letter_id) values (13, 13, 13);
insert into letter_scene (id, part_order, letter_id) values (14, 14, 14);
insert into letter_scene (id, part_order, letter_id) values (15, 15, 15);
insert into letter_scene (id, part_order, letter_id) values (16, 16, 16);
insert into letter_scene (id, part_order, letter_id) values (17, 17, 17);
insert into letter_scene (id, part_order, letter_id) values (18, 18, 18);
insert into letter_scene (id, part_order, letter_id) values (19, 19, 19);
insert into letter_scene (id, part_order, letter_id) values (20, 20, 20);
insert into letter_scene (id, part_order, letter_id) values (21, 21, 21);
insert into letter_scene (id, part_order, letter_id) values (22, 22, 22);
insert into letter_scene (id, part_order, letter_id) values (23, 23, 23);
insert into letter_scene (id, part_order, letter_id) values (24, 24, 24);
insert into letter_scene (id, part_order, letter_id) values (25, 25, 25);
insert into letter_scene (id, part_order, letter_id) values (26, 26, 26);
insert into letter_scene (id, part_order, letter_id) values (27, 27, 27);
insert into letter_scene (id, part_order, letter_id) values (28, 28, 28);
insert into letter_scene (id, part_order, letter_id) values (29, 29, 29);
insert into letter_scene (id, part_order, letter_id) values (30, 30, 30);
insert into letter_scene (id, part_order, letter_id) values (31, 31, 31);
insert into letter_scene (id, part_order, letter_id) values (32, 32, 32);
insert into letter_scene (id, part_order, letter_id) values (33, 33, 33);
insert into letter_scene (id, part_order, letter_id) values (34, 34, 34);
insert into letter_scene (id, part_order, letter_id) values (35, 35, 35);
insert into letter_scene (id, part_order, letter_id) values (36, 36, 36);
insert into letter_scene (id, part_order, letter_id) values (37, 37, 37);
insert into letter_scene (id, part_order, letter_id) values (38, 38, 38);
insert into letter_scene (id, part_order, letter_id) values (39, 39, 39);
insert into letter_scene (id, part_order, letter_id) values (40, 40, 40);
insert into letter_scene (id, part_order, letter_id) values (41, 41, 41);
insert into letter_scene (id, part_order, letter_id) values (42, 42, 42);
insert into letter_scene (id, part_order, letter_id) values (43, 43, 43);
insert into letter_scene (id, part_order, letter_id) values (44, 44, 44);
insert into letter_scene (id, part_order, letter_id) values (45, 45, 45);
insert into letter_scene (id, part_order, letter_id) values (46, 46, 46);
insert into letter_scene (id, part_order, letter_id) values (47, 47, 47);
insert into letter_scene (id, part_order, letter_id) values (48, 48, 48);
insert into letter_scene (id, part_order, letter_id) values (49, 49, 49);
insert into letter_scene (id, part_order, letter_id) values (50, 50, 50);
insert into letter_scene (id, part_order, letter_id) values (51, 51, 51);
insert into letter_scene (id, part_order, letter_id) values (52, 52, 52);
insert into letter_scene (id, part_order, letter_id) values (53, 53, 53);
insert into letter_scene (id, part_order, letter_id) values (54, 54, 54);
insert into letter_scene (id, part_order, letter_id) values (55, 55, 55);
insert into letter_scene (id, part_order, letter_id) values (56, 56, 56);
insert into letter_scene (id, part_order, letter_id) values (57, 57, 57);
insert into letter_scene (id, part_order, letter_id) values (58, 58, 58);
insert into letter_scene (id, part_order, letter_id) values (59, 59, 59);
insert into letter_scene (id, part_order, letter_id) values (60, 60, 60);
insert into letter_scene (id, part_order, letter_id) values (61, 61, 61);
insert into letter_scene (id, part_order, letter_id) values (62, 62, 62);
insert into letter_scene (id, part_order, letter_id) values (63, 63, 63);
insert into letter_scene (id, part_order, letter_id) values (64, 64, 64);
insert into letter_scene (id, part_order, letter_id) values (65, 65, 65);
insert into letter_scene (id, part_order, letter_id) values (66, 66, 66);
insert into letter_scene (id, part_order, letter_id) values (67, 67, 67);
insert into letter_scene (id, part_order, letter_id) values (68, 68, 68);
insert into letter_scene (id, part_order, letter_id) values (69, 69, 69);
insert into letter_scene (id, part_order, letter_id) values (70, 70, 70);
insert into letter_scene (id, part_order, letter_id) values (71, 71, 71);
insert into letter_scene (id, part_order, letter_id) values (72, 72, 72);
insert into letter_scene (id, part_order, letter_id) values (73, 73, 73);
insert into letter_scene (id, part_order, letter_id) values (74, 74, 74);
insert into letter_scene (id, part_order, letter_id) values (75, 75, 75);
insert into letter_scene (id, part_order, letter_id) values (76, 76, 76);
insert into letter_scene (id, part_order, letter_id) values (77, 77, 77);
insert into letter_scene (id, part_order, letter_id) values (78, 78, 78);
insert into letter_scene (id, part_order, letter_id) values (79, 79, 79);
insert into letter_scene (id, part_order, letter_id) values (80, 80, 80);
insert into letter_scene (id, part_order, letter_id) values (81, 81, 81);
insert into letter_scene (id, part_order, letter_id) values (82, 82, 82);
insert into letter_scene (id, part_order, letter_id) values (83, 83, 83);
insert into letter_scene (id, part_order, letter_id) values (84, 84, 84);
insert into letter_scene (id, part_order, letter_id) values (85, 85, 85);
insert into letter_scene (id, part_order, letter_id) values (86, 86, 86);
insert into letter_scene (id, part_order, letter_id) values (87, 87, 87);
insert into letter_scene (id, part_order, letter_id) values (88, 88, 88);
insert into letter_scene (id, part_order, letter_id) values (89, 89, 89);
insert into letter_scene (id, part_order, letter_id) values (90, 90, 90);
insert into letter_scene (id, part_order, letter_id) values (91, 91, 91);
insert into letter_scene (id, part_order, letter_id) values (92, 92, 92);
insert into letter_scene (id, part_order, letter_id) values (93, 93, 93);
insert into letter_scene (id, part_order, letter_id) values (94, 94, 94);
insert into letter_scene (id, part_order, letter_id) values (95, 95, 95);
insert into letter_scene (id, part_order, letter_id) values (96, 96, 96);
insert into letter_scene (id, part_order, letter_id) values (97, 97, 97);
insert into letter_scene (id, part_order, letter_id) values (98, 98, 98);
insert into letter_scene (id, part_order, letter_id) values (99, 99, 99);
insert into letter_scene (id, part_order, letter_id) values (100, 100, 100);

INSERT INTO user_authority (user_username, authority) values ('test1', 'ROLE_USER'),
                                                             ('test2', 'ROLE_USER'),
                                                             ('test3', 'ROLE_USER'),
                                                             ('test4', 'ROLE_USER');

insert into scene_message (id, part_order, content, size_type, color_type, scene_id) values (1, 1, 'Suite 54', 'SMALL', 'BLACK', 1);
insert into scene_message (id, part_order, content, size_type, color_type, scene_id) values (2, 1, '4th Floor', 'SMALL', 'BLACK', 2);
insert into scene_message (id, part_order, content, size_type, color_type, scene_id) values (3, 1, '11th Floor', 'SMALL', 'BLACK', 3);
insert into scene_message (id, part_order, content, size_type, color_type, scene_id) values (4, 1, 'Apt 1254', 'SMALL', 'BLACK', 4);
insert into scene_message (id, part_order, content, size_type, color_type, scene_id) values (5, 1, 'PO Box 46708', 'SMALL', 'BLACK', 5);
insert into scene_message (id, part_order, content, size_type, color_type, scene_id) values (6, 1, 'Suite 24', 'SMALL', 'BLACK', 6);
insert into scene_message (id, part_order, content, size_type, color_type, scene_id) values (7, 1, 'Room 755', 'SMALL', 'BLACK', 7);
insert into scene_message (id, part_order, content, size_type, color_type, scene_id) values (8, 1, '20th Floor', 'SMALL', 'BLACK', 8);
insert into scene_message (id, part_order, content, size_type, color_type, scene_id) values (9, 1, 'Suite 13', 'SMALL', 'BLACK', 9);
insert into scene_message (id, part_order, content, size_type, color_type, scene_id) values (10, 1, 'Room 1620', 'SMALL', 'BLACK', 10);
insert into scene_message (id, part_order, content, size_type, color_type, scene_id) values (11, 1, 'Apt 120', 'SMALL', 'BLACK', 11);
insert into scene_message (id, part_order, content, size_type, color_type, scene_id) values (12, 1, 'Room 723', 'SMALL', 'BLACK', 12);
insert into scene_message (id, part_order, content, size_type, color_type, scene_id) values (13, 1, '13th Floor', 'SMALL', 'BLACK', 13);
insert into scene_message (id, part_order, content, size_type, color_type, scene_id) values (14, 1, 'Suite 65', 'SMALL', 'BLACK', 14);
insert into scene_message (id, part_order, content, size_type, color_type, scene_id) values (15, 1, 'Room 1417', 'SMALL', 'BLACK', 15);
insert into scene_message (id, part_order, content, size_type, color_type, scene_id) values (16, 1, '20th Floor', 'SMALL', 'BLACK', 16);
insert into scene_message (id, part_order, content, size_type, color_type, scene_id) values (17, 1, '16th Floor', 'SMALL', 'BLACK', 17);
insert into scene_message (id, part_order, content, size_type, color_type, scene_id) values (18, 1, 'PO Box 77123', 'SMALL', 'BLACK', 18);
insert into scene_message (id, part_order, content, size_type, color_type, scene_id) values (19, 1, '19th Floor', 'SMALL', 'BLACK', 19);
insert into scene_message (id, part_order, content, size_type, color_type, scene_id) values (20, 1, 'Suite 22', 'SMALL', 'BLACK', 20);
insert into scene_message (id, part_order, content, size_type, color_type, scene_id) values (21, 1, 'PO Box 46418', 'SMALL', 'BLACK', 21);
insert into scene_message (id, part_order, content, size_type, color_type, scene_id) values (22, 1, '18th Floor', 'SMALL', 'BLACK', 22);
insert into scene_message (id, part_order, content, size_type, color_type, scene_id) values (23, 1, 'Room 1138', 'SMALL', 'BLACK', 23);
insert into scene_message (id, part_order, content, size_type, color_type, scene_id) values (24, 1, 'PO Box 77355', 'SMALL', 'BLACK', 24);
insert into scene_message (id, part_order, content, size_type, color_type, scene_id) values (25, 1, 'Room 3', 'SMALL', 'BLACK', 25);
insert into scene_message (id, part_order, content, size_type, color_type, scene_id) values (26, 1, 'Room 510', 'SMALL', 'BLACK', 26);
insert into scene_message (id, part_order, content, size_type, color_type, scene_id) values (27, 1, 'PO Box 9608', 'SMALL', 'BLACK', 27);
insert into scene_message (id, part_order, content, size_type, color_type, scene_id) values (28, 1, 'PO Box 90188', 'SMALL', 'BLACK', 28);
insert into scene_message (id, part_order, content, size_type, color_type, scene_id) values (29, 1, '15th Floor', 'SMALL', 'BLACK', 29);
insert into scene_message (id, part_order, content, size_type, color_type, scene_id) values (30, 1, '10th Floor', 'SMALL', 'BLACK', 30);
insert into scene_message (id, part_order, content, size_type, color_type, scene_id) values (31, 1, '6th Floor', 'SMALL', 'BLACK', 31);
insert into scene_message (id, part_order, content, size_type, color_type, scene_id) values (32, 1, '20th Floor', 'SMALL', 'BLACK', 32);
insert into scene_message (id, part_order, content, size_type, color_type, scene_id) values (33, 1, 'Room 595', 'SMALL', 'BLACK', 33);
insert into scene_message (id, part_order, content, size_type, color_type, scene_id) values (34, 1, '11th Floor', 'SMALL', 'BLACK', 34);
insert into scene_message (id, part_order, content, size_type, color_type, scene_id) values (35, 1, 'Room 665', 'SMALL', 'BLACK', 35);
insert into scene_message (id, part_order, content, size_type, color_type, scene_id) values (36, 1, 'Room 1475', 'SMALL', 'BLACK', 36);
insert into scene_message (id, part_order, content, size_type, color_type, scene_id) values (37, 1, 'Apt 1623', 'SMALL', 'BLACK', 37);
insert into scene_message (id, part_order, content, size_type, color_type, scene_id) values (38, 1, 'Apt 1390', 'SMALL', 'BLACK', 38);
insert into scene_message (id, part_order, content, size_type, color_type, scene_id) values (39, 1, 'PO Box 95874', 'SMALL', 'BLACK', 39);
insert into scene_message (id, part_order, content, size_type, color_type, scene_id) values (40, 1, '1st Floor', 'SMALL', 'BLACK', 40);
insert into scene_message (id, part_order, content, size_type, color_type, scene_id) values (41, 1, 'Suite 77', 'SMALL', 'BLACK', 41);
insert into scene_message (id, part_order, content, size_type, color_type, scene_id) values (42, 1, 'Suite 6', 'SMALL', 'BLACK', 42);
insert into scene_message (id, part_order, content, size_type, color_type, scene_id) values (43, 1, 'Apt 1311', 'SMALL', 'BLACK', 43);
insert into scene_message (id, part_order, content, size_type, color_type, scene_id) values (44, 1, 'Suite 16', 'SMALL', 'BLACK', 44);
insert into scene_message (id, part_order, content, size_type, color_type, scene_id) values (45, 1, 'PO Box 79785', 'SMALL', 'BLACK', 45);
insert into scene_message (id, part_order, content, size_type, color_type, scene_id) values (46, 1, 'PO Box 3788', 'SMALL', 'BLACK', 46);
insert into scene_message (id, part_order, content, size_type, color_type, scene_id) values (47, 1, 'Apt 290', 'SMALL', 'BLACK', 47);
insert into scene_message (id, part_order, content, size_type, color_type, scene_id) values (48, 1, 'PO Box 78191', 'SMALL', 'BLACK', 48);
insert into scene_message (id, part_order, content, size_type, color_type, scene_id) values (49, 1, '13th Floor', 'SMALL', 'BLACK', 49);
insert into scene_message (id, part_order, content, size_type, color_type, scene_id) values (50, 1, '6th Floor', 'SMALL', 'BLACK', 50);
insert into scene_message (id, part_order, content, size_type, color_type, scene_id) values (51, 1, 'Room 700', 'SMALL', 'BLACK', 51);
insert into scene_message (id, part_order, content, size_type, color_type, scene_id) values (52, 1, 'PO Box 92561', 'SMALL', 'BLACK', 52);
insert into scene_message (id, part_order, content, size_type, color_type, scene_id) values (53, 1, 'Apt 1853', 'SMALL', 'BLACK', 53);
insert into scene_message (id, part_order, content, size_type, color_type, scene_id) values (54, 1, 'PO Box 1566', 'SMALL', 'BLACK', 54);
insert into scene_message (id, part_order, content, size_type, color_type, scene_id) values (55, 1, 'Apt 821', 'SMALL', 'BLACK', 55);
insert into scene_message (id, part_order, content, size_type, color_type, scene_id) values (56, 1, '2nd Floor', 'SMALL', 'BLACK', 56);
insert into scene_message (id, part_order, content, size_type, color_type, scene_id) values (57, 1, 'Room 1844', 'SMALL', 'BLACK', 57);
insert into scene_message (id, part_order, content, size_type, color_type, scene_id) values (58, 1, 'Room 834', 'SMALL', 'BLACK', 58);
insert into scene_message (id, part_order, content, size_type, color_type, scene_id) values (59, 1, 'Room 480', 'SMALL', 'BLACK', 59);
insert into scene_message (id, part_order, content, size_type, color_type, scene_id) values (60, 1, 'Room 1800', 'SMALL', 'BLACK', 60);
insert into scene_message (id, part_order, content, size_type, color_type, scene_id) values (61, 1, 'Apt 1608', 'SMALL', 'BLACK', 61);
insert into scene_message (id, part_order, content, size_type, color_type, scene_id) values (62, 1, '10th Floor', 'SMALL', 'BLACK', 62);
insert into scene_message (id, part_order, content, size_type, color_type, scene_id) values (63, 1, 'PO Box 65899', 'SMALL', 'BLACK', 63);
insert into scene_message (id, part_order, content, size_type, color_type, scene_id) values (64, 1, '3rd Floor', 'SMALL', 'BLACK', 64);
insert into scene_message (id, part_order, content, size_type, color_type, scene_id) values (65, 1, '9th Floor', 'SMALL', 'BLACK', 65);
insert into scene_message (id, part_order, content, size_type, color_type, scene_id) values (66, 1, 'Suite 79', 'SMALL', 'BLACK', 66);
insert into scene_message (id, part_order, content, size_type, color_type, scene_id) values (67, 1, '2nd Floor', 'SMALL', 'BLACK', 67);
insert into scene_message (id, part_order, content, size_type, color_type, scene_id) values (68, 1, 'Apt 1026', 'SMALL', 'BLACK', 68);
insert into scene_message (id, part_order, content, size_type, color_type, scene_id) values (69, 1, 'Room 1850', 'SMALL', 'BLACK', 69);
insert into scene_message (id, part_order, content, size_type, color_type, scene_id) values (70, 1, 'Apt 635', 'SMALL', 'BLACK', 70);
insert into scene_message (id, part_order, content, size_type, color_type, scene_id) values (71, 1, 'PO Box 34373', 'SMALL', 'BLACK', 71);
insert into scene_message (id, part_order, content, size_type, color_type, scene_id) values (72, 1, '7th Floor', 'SMALL', 'BLACK', 72);
insert into scene_message (id, part_order, content, size_type, color_type, scene_id) values (73, 1, 'Room 294', 'SMALL', 'BLACK', 73);
insert into scene_message (id, part_order, content, size_type, color_type, scene_id) values (74, 1, 'Apt 185', 'SMALL', 'BLACK', 74);
insert into scene_message (id, part_order, content, size_type, color_type, scene_id) values (75, 1, '3rd Floor', 'SMALL', 'BLACK', 75);
insert into scene_message (id, part_order, content, size_type, color_type, scene_id) values (76, 1, 'Room 1807', 'SMALL', 'BLACK', 76);
insert into scene_message (id, part_order, content, size_type, color_type, scene_id) values (77, 1, '1st Floor', 'SMALL', 'BLACK', 77);
insert into scene_message (id, part_order, content, size_type, color_type, scene_id) values (78, 1, '12th Floor', 'SMALL', 'BLACK', 78);
insert into scene_message (id, part_order, content, size_type, color_type, scene_id) values (79, 1, 'Room 1391', 'SMALL', 'BLACK', 79);
insert into scene_message (id, part_order, content, size_type, color_type, scene_id) values (80, 1, 'Apt 1197', 'SMALL', 'BLACK', 80);
insert into scene_message (id, part_order, content, size_type, color_type, scene_id) values (81, 1, 'PO Box 36497', 'SMALL', 'BLACK', 81);
insert into scene_message (id, part_order, content, size_type, color_type, scene_id) values (82, 1, 'Apt 1862', 'SMALL', 'BLACK', 82);
insert into scene_message (id, part_order, content, size_type, color_type, scene_id) values (83, 1, 'Apt 1131', 'SMALL', 'BLACK', 83);
insert into scene_message (id, part_order, content, size_type, color_type, scene_id) values (84, 1, 'Room 1336', 'SMALL', 'BLACK', 84);
insert into scene_message (id, part_order, content, size_type, color_type, scene_id) values (85, 1, 'PO Box 84322', 'SMALL', 'BLACK', 85);
insert into scene_message (id, part_order, content, size_type, color_type, scene_id) values (86, 1, '6th Floor', 'SMALL', 'BLACK', 86);
insert into scene_message (id, part_order, content, size_type, color_type, scene_id) values (87, 1, 'Room 1107', 'SMALL', 'BLACK', 87);
insert into scene_message (id, part_order, content, size_type, color_type, scene_id) values (88, 1, 'Apt 1643', 'SMALL', 'BLACK', 88);
insert into scene_message (id, part_order, content, size_type, color_type, scene_id) values (89, 1, '16th Floor', 'SMALL', 'BLACK', 89);
insert into scene_message (id, part_order, content, size_type, color_type, scene_id) values (90, 1, 'PO Box 15690', 'SMALL', 'BLACK', 90);
insert into scene_message (id, part_order, content, size_type, color_type, scene_id) values (91, 1, 'Suite 87', 'SMALL', 'BLACK', 91);
insert into scene_message (id, part_order, content, size_type, color_type, scene_id) values (92, 1, 'PO Box 41765', 'SMALL', 'BLACK', 92);
insert into scene_message (id, part_order, content, size_type, color_type, scene_id) values (93, 1, 'Apt 1500', 'SMALL', 'BLACK', 93);
insert into scene_message (id, part_order, content, size_type, color_type, scene_id) values (94, 1, 'Room 1348', 'SMALL', 'BLACK', 94);
insert into scene_message (id, part_order, content, size_type, color_type, scene_id) values (95, 1, 'Room 1587', 'SMALL', 'BLACK', 95);
insert into scene_message (id, part_order, content, size_type, color_type, scene_id) values (96, 1, 'PO Box 74491', 'SMALL', 'BLACK', 96);
insert into scene_message (id, part_order, content, size_type, color_type, scene_id) values (97, 1, 'PO Box 5699', 'SMALL', 'BLACK', 97);
insert into scene_message (id, part_order, content, size_type, color_type, scene_id) values (98, 1, 'Apt 1879', 'SMALL', 'BLACK', 98);
insert into scene_message (id, part_order, content, size_type, color_type, scene_id) values (99, 1, 'Apt 675', 'SMALL', 'BLACK', 99);
insert into scene_message (id, part_order, content, size_type, color_type, scene_id) values (100, 1, 'PO Box 49006', 'SMALL', 'BLACK', 100);

insert into scene_picture (id, part_order, url, scene_id) values (1, 1, '20th Floor', 1);
insert into scene_picture (id, part_order, url, scene_id) values (2, 1, 'Apt 523', 2);
insert into scene_picture (id, part_order, url, scene_id) values (3, 1, 'Room 1669', 3);
insert into scene_picture (id, part_order, url, scene_id) values (4, 1, 'Apt 1099', 4);
insert into scene_picture (id, part_order, url, scene_id) values (5, 1, 'Room 1206', 5);
insert into scene_picture (id, part_order, url, scene_id) values (6, 1, 'PO Box 208', 6);
insert into scene_picture (id, part_order, url, scene_id) values (7, 1, 'Apt 807', 7);
insert into scene_picture (id, part_order, url, scene_id) values (8, 1, '16th Floor', 8);
insert into scene_picture (id, part_order, url, scene_id) values (9, 1, 'Suite 33', 9);
insert into scene_picture (id, part_order, url, scene_id) values (10, 1, '19th Floor', 10);
insert into scene_picture (id, part_order, url, scene_id) values (11, 1, 'Room 622', 11);
insert into scene_picture (id, part_order, url, scene_id) values (12, 1, 'Suite 9', 12);
insert into scene_picture (id, part_order, url, scene_id) values (13, 1, 'Suite 70', 13);
insert into scene_picture (id, part_order, url, scene_id) values (14, 1, 'Apt 1873', 14);
insert into scene_picture (id, part_order, url, scene_id) values (15, 1, 'Suite 64', 15);
insert into scene_picture (id, part_order, url, scene_id) values (16, 1, 'Room 1832', 16);
insert into scene_picture (id, part_order, url, scene_id) values (17, 1, '14th Floor', 17);
insert into scene_picture (id, part_order, url, scene_id) values (18, 1, 'Suite 86', 18);
insert into scene_picture (id, part_order, url, scene_id) values (19, 1, '18th Floor', 19);
insert into scene_picture (id, part_order, url, scene_id) values (20, 1, 'Suite 27', 20);
insert into scene_picture (id, part_order, url, scene_id) values (21, 1, 'Apt 239', 21);
insert into scene_picture (id, part_order, url, scene_id) values (22, 1, '10th Floor', 22);
insert into scene_picture (id, part_order, url, scene_id) values (23, 1, 'Room 540', 23);
insert into scene_picture (id, part_order, url, scene_id) values (24, 1, 'Room 599', 24);
insert into scene_picture (id, part_order, url, scene_id) values (25, 1, 'PO Box 88596', 25);
insert into scene_picture (id, part_order, url, scene_id) values (26, 1, '16th Floor', 26);
insert into scene_picture (id, part_order, url, scene_id) values (27, 1, 'Suite 79', 27);
insert into scene_picture (id, part_order, url, scene_id) values (28, 1, '14th Floor', 28);
insert into scene_picture (id, part_order, url, scene_id) values (29, 1, '10th Floor', 29);
insert into scene_picture (id, part_order, url, scene_id) values (30, 1, 'Suite 24', 30);
insert into scene_picture (id, part_order, url, scene_id) values (31, 1, 'Suite 13', 31);
insert into scene_picture (id, part_order, url, scene_id) values (32, 1, 'PO Box 424', 32);
insert into scene_picture (id, part_order, url, scene_id) values (33, 1, '16th Floor', 33);
insert into scene_picture (id, part_order, url, scene_id) values (34, 1, 'Apt 162', 34);
insert into scene_picture (id, part_order, url, scene_id) values (35, 1, 'Suite 12', 35);
insert into scene_picture (id, part_order, url, scene_id) values (36, 1, 'Apt 1798', 36);
insert into scene_picture (id, part_order, url, scene_id) values (37, 1, 'Apt 1724', 37);
insert into scene_picture (id, part_order, url, scene_id) values (38, 1, 'Room 1408', 38);
insert into scene_picture (id, part_order, url, scene_id) values (39, 1, 'PO Box 87372', 39);
insert into scene_picture (id, part_order, url, scene_id) values (40, 1, 'Room 1193', 40);
insert into scene_picture (id, part_order, url, scene_id) values (41, 1, 'Apt 391', 41);
insert into scene_picture (id, part_order, url, scene_id) values (42, 1, 'Suite 89', 42);
insert into scene_picture (id, part_order, url, scene_id) values (43, 1, 'Apt 1564', 43);
insert into scene_picture (id, part_order, url, scene_id) values (44, 1, 'Suite 92', 44);
insert into scene_picture (id, part_order, url, scene_id) values (45, 1, '17th Floor', 45);
insert into scene_picture (id, part_order, url, scene_id) values (46, 1, 'Suite 47', 46);
insert into scene_picture (id, part_order, url, scene_id) values (47, 1, 'Apt 1996', 47);
insert into scene_picture (id, part_order, url, scene_id) values (48, 1, 'PO Box 57160', 48);
insert into scene_picture (id, part_order, url, scene_id) values (49, 1, 'Suite 96', 49);
insert into scene_picture (id, part_order, url, scene_id) values (50, 1, 'Suite 15', 50);
insert into scene_picture (id, part_order, url, scene_id) values (51, 1, '9th Floor', 51);
insert into scene_picture (id, part_order, url, scene_id) values (52, 1, 'Suite 84', 52);
insert into scene_picture (id, part_order, url, scene_id) values (53, 1, 'Suite 74', 53);
insert into scene_picture (id, part_order, url, scene_id) values (54, 1, '13th Floor', 54);
insert into scene_picture (id, part_order, url, scene_id) values (55, 1, '1st Floor', 55);
insert into scene_picture (id, part_order, url, scene_id) values (56, 1, '18th Floor', 56);
insert into scene_picture (id, part_order, url, scene_id) values (57, 1, 'PO Box 36955', 57);
insert into scene_picture (id, part_order, url, scene_id) values (58, 1, 'Apt 266', 58);
insert into scene_picture (id, part_order, url, scene_id) values (59, 1, 'Apt 372', 59);
insert into scene_picture (id, part_order, url, scene_id) values (60, 1, 'Apt 1807', 60);
insert into scene_picture (id, part_order, url, scene_id) values (61, 1, 'PO Box 93943', 61);
insert into scene_picture (id, part_order, url, scene_id) values (62, 1, 'Apt 1183', 62);
insert into scene_picture (id, part_order, url, scene_id) values (63, 1, 'PO Box 97412', 63);
insert into scene_picture (id, part_order, url, scene_id) values (64, 1, '18th Floor', 64);
insert into scene_picture (id, part_order, url, scene_id) values (65, 1, 'Apt 1850', 65);
insert into scene_picture (id, part_order, url, scene_id) values (66, 1, 'Apt 360', 66);
insert into scene_picture (id, part_order, url, scene_id) values (67, 1, '1st Floor', 67);
insert into scene_picture (id, part_order, url, scene_id) values (68, 1, 'PO Box 73542', 68);
insert into scene_picture (id, part_order, url, scene_id) values (69, 1, 'Suite 89', 69);
insert into scene_picture (id, part_order, url, scene_id) values (70, 1, '12th Floor', 70);
insert into scene_picture (id, part_order, url, scene_id) values (71, 1, '3rd Floor', 71);
insert into scene_picture (id, part_order, url, scene_id) values (72, 1, '1st Floor', 72);
insert into scene_picture (id, part_order, url, scene_id) values (73, 1, 'Apt 1885', 73);
insert into scene_picture (id, part_order, url, scene_id) values (74, 1, 'Suite 62', 74);
insert into scene_picture (id, part_order, url, scene_id) values (75, 1, 'Suite 86', 75);
insert into scene_picture (id, part_order, url, scene_id) values (76, 1, 'Apt 393', 76);
insert into scene_picture (id, part_order, url, scene_id) values (77, 1, 'PO Box 64284', 77);
insert into scene_picture (id, part_order, url, scene_id) values (78, 1, '10th Floor', 78);
insert into scene_picture (id, part_order, url, scene_id) values (79, 1, 'Apt 1532', 79);
insert into scene_picture (id, part_order, url, scene_id) values (80, 1, 'Suite 68', 80);
insert into scene_picture (id, part_order, url, scene_id) values (81, 1, 'PO Box 96831', 81);
insert into scene_picture (id, part_order, url, scene_id) values (82, 1, 'Suite 63', 82);
insert into scene_picture (id, part_order, url, scene_id) values (83, 1, 'PO Box 43683', 83);
insert into scene_picture (id, part_order, url, scene_id) values (84, 1, 'Suite 20', 84);
insert into scene_picture (id, part_order, url, scene_id) values (85, 1, 'PO Box 22241', 85);
insert into scene_picture (id, part_order, url, scene_id) values (86, 1, '14th Floor', 86);
insert into scene_picture (id, part_order, url, scene_id) values (87, 1, 'Suite 54', 87);
insert into scene_picture (id, part_order, url, scene_id) values (88, 1, 'PO Box 6653', 88);
insert into scene_picture (id, part_order, url, scene_id) values (89, 1, '2nd Floor', 89);
insert into scene_picture (id, part_order, url, scene_id) values (90, 1, 'Room 413', 90);
insert into scene_picture (id, part_order, url, scene_id) values (91, 1, 'Room 522', 91);
insert into scene_picture (id, part_order, url, scene_id) values (92, 1, 'Room 907', 92);
insert into scene_picture (id, part_order, url, scene_id) values (93, 1, '18th Floor', 93);
insert into scene_picture (id, part_order, url, scene_id) values (94, 1, 'PO Box 29013', 94);
insert into scene_picture (id, part_order, url, scene_id) values (95, 1, 'Apt 1035', 95);
insert into scene_picture (id, part_order, url, scene_id) values (96, 1, 'Suite 72', 96);
insert into scene_picture (id, part_order, url, scene_id) values (97, 1, 'Suite 51', 97);
insert into scene_picture (id, part_order, url, scene_id) values (98, 1, 'Suite 64', 98);
insert into scene_picture (id, part_order, url, scene_id) values (99, 1, 'Suite 88', 99);
insert into scene_picture (id, part_order, url, scene_id) values (100, 1, 'PO Box 25454', 100);